Time (s),Distance (cm)
0.0,802.98
0.05,803.0699999999999
1.12,803.02
2.19,802.96
3.2,1996.91
4.2,1996.55
5.2,1996.19
6.27,802.8599999999999
7.35,802.8800000000001
8.42,802.78
9.49,802.95
