Time (s),Distance (cm)
0.0,1981.07
0.0,1980.64
0.91,1981.6
1.91,1981.24
2.92,1877.21
4.0,802.47
5.0,1991.1
6.07,802.3800000000001
7.07,1996.43
8.08,1996.07
9.15,802.1800000000001
