Time (s),Distance (cm)
0.0,802.74
0.05,802.79
1.12,802.8399999999999
2.12,1993.69
3.12,1992.3
4.13,1993.5
5.2,802.9300000000001
6.27,802.74
7.34,802.79
8.42,802.78
9.49,802.79
