Time (s),Distance (cm)
0.0,802.6400000000001
0.05,802.76
1.12,802.6700000000001
2.19,802.6199999999999
3.26,802.54
4.34,802.6700000000001
5.41,802.6700000000001
6.48,802.79
7.55,802.72
8.63,802.5699999999999
9.7,802.69
