Time (s),Distance (cm)
0.0,802.96
0.05,803.26
1.12,803.0799999999999
2.19,803.03
3.26,803.0799999999999
4.34,803.1400000000001
5.41,802.95
6.48,803.05
7.55,802.79
8.63,802.9100000000001
9.7,803.03
