Time (s),Distance (cm)
0.0,802.74
0.05,802.9300000000001
1.12,802.5
2.19,802.6199999999999
3.26,802.72
4.34,802.5899999999999
5.41,802.6700000000001
6.48,802.6199999999999
7.55,802.55
8.63,802.55
9.7,802.4300000000001
