Time (s),Distance (cm)
0.0,802.69
0.05,802.8399999999999
1.12,802.6600000000001
2.19,802.9000000000001
3.26,802.76
4.34,802.8599999999999
5.41,802.9300000000001
6.48,802.9000000000001
7.55,802.54
8.63,802.9300000000001
9.7,802.95
