Time (s),Distance (cm)
0.0,803.1500000000001
0.05,803.27
1.12,803.3199999999999
2.13,1996.91
3.2,803.0799999999999
4.27,803.3399999999999
5.34,803.26
6.41,803.31
7.49,803.3800000000001
8.5,1804.9
9.5,1991.84
